14486061 Dwain_Fiechter dwainfiechter@delta.edu
14471818 Monique_Pincock moniquepincock@delta.edu
14474060 Gayla_Mauter gaylamauter@delta.edu
14484884 Bryant_Moncayo bryantmoncayo@delta.edu
14466424 Eloy_Woulard eloywoulard@delta.edu
14485103 Lenore_Ruder lenoreruder@delta.edu
14486875 Daron_Macayan daronmacayan@delta.edu
14472645 Adan_Luxenberg adanluxenberg@delta.edu
14470979 Jewell_Crumpacker jewellcrumpacker@delta.edu
14461206 Annabelle_Kressin annabellekressin@delta.edu
14470054 Jack_Funston jackfunston@delta.edu
14465094 Hank_Patuel hankpatuel@delta.edu
14485672 Alison_Freitas alisonfreitas@delta.edu
14476846 Donn_Freudenberg donnfreudenberg@delta.edu
14464320 Susanne_Cano susannecano@delta.edu
14463816 Juliet_Tuenge juliettuenge@delta.edu
14473288 Melissa_Legge melissalegge@delta.edu
14459778 Benny_Acklin bennyacklin@delta.edu
14459113 Genevieve_Ridlon genevieveridlon@delta.edu
14478336 Leonel_Tarufelli leoneltarufelli@delta.edu
14465584 Florencio_Riecke florencioriecke@delta.edu
14460357 Angelique_Dickmann angeliquedickmann@delta.edu
14462264 Cruz_Lorson cruzlorson@delta.edu
14480582 Erich_Blose erichblose@delta.edu
14474012 Hayden_Gelfond haydengelfond@delta.edu
14461382 Bertie_Rung bertierung@delta.edu
14478264 Isabella_Webster isabellawebster@delta.edu
14467590 Delma_Zeals delmazeals@delta.edu
14471213 Carmelo_Kime carmelokime@delta.edu
14469555 Nadine_Ondo nadineondo@delta.edu
14484512 Emery_Balfe emerybalfe@delta.edu
14479265 Malik_Rams malikrams@delta.edu
14470533 Graciela_Aun gracielaaun@delta.edu
14459234 Rose_Krzywicki rosekrzywicki@delta.edu
14461218 Vince_Ok vinceok@delta.edu
14465754 Etta_Screws ettascrews@delta.edu
14486501 Joshua_Konruff joshuakonruff@delta.edu
14461168 Jamey_Josephs jameyjosephs@delta.edu
14468774 Vincenzo_Girand vincenzogirand@delta.edu
14461531 Alfred_Lueckenhoff alfredlueckenhoff@delta.edu
14474209 Johnson_Rattley johnsonrattley@delta.edu
14464230 Dalton_Rumpca daltonrumpca@delta.edu
14486130 Thad_Kerr thadkerr@delta.edu
14467938 Seymour_Mcquain seymourmcquain@delta.edu
14470067 Stuart_Dorr stuartdorr@delta.edu
14478872 Sheila_Swires sheilaswires@delta.edu
14482392 Tania_Campanelli taniacampanelli@delta.edu
14470601 Annie_Baik anniebaik@delta.edu
14462873 Wilbur_Sampselle wilbursampselle@delta.edu
14481208 Alec_Goldenman alecgoldenman@delta.edu
14481708 Freddie_Blackner freddieblackner@delta.edu
14466563 Sally_Weaver sallyweaver@delta.edu
14488172 Herman_Miskelly hermanmiskelly@delta.edu
14479223 Eve_Muscott evemuscott@delta.edu
14482256 Jeri_Mckirgan jerimckirgan@delta.edu
14466066 Young_Progl youngprogl@delta.edu
14465694 Sarah_Grillo sarahgrillo@delta.edu
14470395 Amy_Dazzi amydazzi@delta.edu
14463758 Carol_Pospicil carolpospicil@delta.edu
14464342 Alexander_Schillings alexanderschillings@delta.edu
14474319 Annabelle_Weninger annabelleweninger@delta.edu
14461644 Beulah_Macnab beulahmacnab@delta.edu
14474498 Dona_Torrillo donatorrillo@delta.edu
14475552 Letha_Santaana lethasantaana@delta.edu
14461211 Josie_Paraz josieparaz@delta.edu
14488553 Ivette_Cardell ivettecardell@delta.edu
14461554 Juliet_Lowell julietlowell@delta.edu
14479476 Rolando_Domingo rolandodomingo@delta.edu
14462291 Janette_Egvirre janetteegvirre@delta.edu
14468472 Adolph_Weisenhorn adolphweisenhorn@delta.edu
14463530 Latrice_Heuer latriceheuer@delta.edu
14485821 Blanche_Angiolillo blancheangiolillo@delta.edu
14487015 Phoebe_Balistreri phoebebalistreri@delta.edu
14470538 Darell_Knapper darellknapper@delta.edu
14471480 Felipe_Neidhardt felipeneidhardt@delta.edu
14483258 Elijah_Guardiola elijahguardiola@delta.edu
14460029 Inez_Duemmel inezduemmel@delta.edu
14473036 Lydia_Gstohl lydiagstohl@delta.edu
14486513 Franklin_Penttila franklinpenttila@delta.edu
14461734 Gaylord_Rohlfs gaylordrohlfs@delta.edu
14467889 Jessie_Gerig jessiegerig@delta.edu
14478714 Heriberto_Cicarella heribertocicarella@delta.edu
14479470 Wendy_Malanga wendymalanga@delta.edu
14486390 Shanna_Tysarczyk shannatysarczyk@delta.edu
14483850 Markus_Khanna markuskhanna@delta.edu
14465838 Stuart_Flugence stuartflugence@delta.edu
14459959 Jessie_Dreith jessiedreith@delta.edu
14462667 Ma_Valakas mavalakas@delta.edu
14476276 Juliet_Zupfer julietzupfer@delta.edu
14487942 Carrol_Karnath carrolkarnath@delta.edu
14488679 Oren_Bredin orenbredin@delta.edu
14484766 Alana_Perencevich alanaperencevich@delta.edu
14476484 Billie_Coppler billiecoppler@delta.edu
14467975 Tracey_August traceyaugust@delta.edu
14484396 Leslie_Urbanek leslieurbanek@delta.edu
14477282 Domingo_Bartle domingobartle@delta.edu
14482255 Kasey_Rampton kaseyrampton@delta.edu
14466427 Susie_Debien susiedebien@delta.edu
14485360 Jeffry_Mishaw jeffrymishaw@delta.edu
14471629 Cleo_Ameen cleoameen@delta.edu
14473270 Dwain_Cisney dwaincisney@delta.edu
14487383 Gerry_Rehl gerryrehl@delta.edu
14468365 Minerva_Northcott minervanorthcott@delta.edu
14481099 May_Brozeski maybrozeski@delta.edu
14465845 Jenna_Trussler jennatrussler@delta.edu
14469741 Pasquale_Binsfeld pasqualebinsfeld@delta.edu
14477717 Beth_Capo bethcapo@delta.edu
14467024 Marta_Bilyeu martabilyeu@delta.edu
14484736 Shanna_Vestering shannavestering@delta.edu
14468007 Rickey_Edgecomb rickeyedgecomb@delta.edu
14466242 Arline_Denoncourt arlinedenoncourt@delta.edu
14459493 Quincy_Quitugua quincyquitugua@delta.edu
14464844 Chance_Fingerhut chancefingerhut@delta.edu
14485315 Nathan_Viviani nathanviviani@delta.edu
14482443 Brady_Muscato bradymuscato@delta.edu
14486669 Minerva_Sundahl minervasundahl@delta.edu
14470717 Mercedes_Keltner mercedeskeltner@delta.edu
14471071 Merle_Strahin merlestrahin@delta.edu
14471763 Rebekah_Holle rebekahholle@delta.edu
14472018 Larry_Reesor larryreesor@delta.edu
14487722 Lynne_Notley lynnenotley@delta.edu
14465325 Cynthia_Mattys cynthiamattys@delta.edu
14464956 Simone_Brucken simonebrucken@delta.edu
14470929 Antony_Sleiman antonysleiman@delta.edu
14477453 Estella_Flansburg estellaflansburg@delta.edu
14468195 Madeline_Fyles madelinefyles@delta.edu
14475273 Stephen_Jacckson stephenjacckson@delta.edu
14462783 Marissa_Cheroki marissacheroki@delta.edu
14486470 Virginia_Rojos virginiarojos@delta.edu
14487394 Suzette_Champa suzettechampa@delta.edu
14458929 Graciela_Fauntleroy gracielafauntleroy@delta.edu
14479382 Hai_Federer haifederer@delta.edu
14463487 Deirdre_Hethcote deirdrehethcote@delta.edu
14484304 Jackson_Babb jacksonbabb@delta.edu
14460254 Heath_Thiebeault heaththiebeault@delta.edu
14471137 Jonah_Osche jonahosche@delta.edu
14481530 Rhoda_Skipworth rhodaskipworth@delta.edu
14461652 Kip_Mcdavis kipmcdavis@delta.edu
14479061 Phillip_Nathans phillipnathans@delta.edu
14462560 Denise_Owusu deniseowusu@delta.edu
14473207 Dolores_Mcenaney doloresmcenaney@delta.edu
14461246 Lenora_Enterline lenoraenterline@delta.edu
14488209 Guadalupe_Kanzler guadalupekanzler@delta.edu
14483735 Kristin_Shrode kristinshrode@delta.edu
14476482 Lydia_Stachura lydiastachura@delta.edu
14475360 Beatriz_Drenon beatrizdrenon@delta.edu
14483720 Edwardo_Syal edwardosyal@delta.edu
14479513 Normand_Zielonko normandzielonko@delta.edu
14480937 Nathaniel_Flakes nathanielflakes@delta.edu
14467823 Barry_Talaro barrytalaro@delta.edu
14482573 Isiah_Yon isiahyon@delta.edu
14470874 Esperanza_Mcpadden esperanzamcpadden@delta.edu
14486685 Autumn_Hilburn autumnhilburn@delta.edu
14470761 Erasmo_Blazing erasmoblazing@delta.edu
14458826 Blaine_Guadalajara blaineguadalajara@delta.edu
14487595 Felipe_Sebree felipesebree@delta.edu
14485642 Katrina_Grife katrinagrife@delta.edu
14488234 Madelyn_Finucane madelynfinucane@delta.edu
14467189 Constance_Peria constanceperia@delta.edu
14477092 Darron_Rodwell darronrodwell@delta.edu
14474746 Shelia_Klimes sheliaklimes@delta.edu
14471931 Jackson_Perrodin jacksonperrodin@delta.edu
14477523 Royal_Nassimi royalnassimi@delta.edu
14471766 Samantha_Lauro samanthalauro@delta.edu
14479721 Gerardo_Hnatow gerardohnatow@delta.edu
14465510 Jordan_Rossnagel jordanrossnagel@delta.edu
14466047 Jessie_Besares jessiebesares@delta.edu
14487826 Shelby_Dinnen shelbydinnen@delta.edu
14463056 Maria_Sarcia mariasarcia@delta.edu
14461792 Donnie_Loflen donnieloflen@delta.edu
14478757 Celina_Rodda celinarodda@delta.edu
14472025 Sofia_Willimas sofiawillimas@delta.edu
14466454 Theron_Buchite theronbuchite@delta.edu
14484000 Dwight_Pultorak dwightpultorak@delta.edu
14481641 Juan_Cezil juancezil@delta.edu
14467616 Orlando_Gollob orlandogollob@delta.edu
14464500 Dan_Mcnany danmcnany@delta.edu
14476453 Jacqueline_Tonne jacquelinetonne@delta.edu
14469237 Donnie_Jervey donniejervey@delta.edu
14485619 Debby_Whapham debbywhapham@delta.edu
14474839 Iola_Mullineaux iolamullineaux@delta.edu
14484204 Shelby_Hazleton shelbyhazleton@delta.edu
14479725 Riley_Hornoff rileyhornoff@delta.edu
14481891 Belinda_Terwillegar belindaterwillegar@delta.edu
14477678 Ken_Baatz kenbaatz@delta.edu
14474915 Geneva_Olivier genevaolivier@delta.edu
14467263 Mabel_Greenough mabelgreenough@delta.edu
14480325 Jeffery_Strose jefferystrose@delta.edu
14488183 Weston_Straton westonstraton@delta.edu
14464139 Adelina_Rebik adelinarebik@delta.edu
14472983 Gisela_Shroff giselashroff@delta.edu
14467314 Jeffery_Colacone jefferycolacone@delta.edu
14462760 Valerie_Kubecka valeriekubecka@delta.edu
14479456 Mable_Oshita mableoshita@delta.edu
14485525 Katelyn_Omar katelynomar@delta.edu
14480755 Alexis_Grondin alexisgrondin@delta.edu
14482503 Taylor_Rushman taylorrushman@delta.edu
14463866 Esperanza_Klingner esperanzaklingner@delta.edu
14468073 Lenny_Sabal lennysabal@delta.edu
14474884 Bret_Rooker bretrooker@delta.edu
14480688 Keisha_Lumb keishalumb@delta.edu
14469838 Carlene_Capote carlenecapote@delta.edu
14481223 Renaldo_Prescott renaldoprescott@delta.edu
14477930 Jana_Geckles janageckles@delta.edu
14482650 Jefferey_Danas jeffereydanas@delta.edu
14488432 Rene_Pettrey renepettrey@delta.edu
14480360 Lois_Amack loisamack@delta.edu
14468768 Dee_Pase deepase@delta.edu
14485317 Kory_Fitzhenry koryfitzhenry@delta.edu
14459195 Allie_Palms alliepalms@delta.edu
14464467 Muriel_Veysey murielveysey@delta.edu
14460726 Elia_Mileti eliamileti@delta.edu
14482579 Kristofer_Hermanson kristoferhermanson@delta.edu
14472578 Lauretta_Valseca laurettavalseca@delta.edu
14480381 Christian_Kallam christiankallam@delta.edu
14475297 Andrea_Menoni andreamenoni@delta.edu
14476616 Elma_Heroth elmaheroth@delta.edu
14474472 Gina_Kautzman ginakautzman@delta.edu
14478940 Nicholas_Tajudeen nicholastajudeen@delta.edu
14464923 Kris_Vorse krisvorse@delta.edu
14469281 Tawana_Culton tawanaculton@delta.edu
14460798 Bettye_Schwandt bettyeschwandt@delta.edu
14462586 Numbers_Partelow numberspartelow@delta.edu
14484120 Alta_Vidulich altavidulich@delta.edu
14484049 Zoe_Howley zoehowley@delta.edu
14462762 Bridget_Horal bridgethoral@delta.edu
14475046 Lula_Smeal lulasmeal@delta.edu
14460743 Stanley_Akey stanleyakey@delta.edu
14476613 Nina_Oberski ninaoberski@delta.edu
14471872 Young_Dominiquez youngdominiquez@delta.edu
14414007 Timothy_Klingler teklingl@delta.edu
14487301 Lupe_Nelton lupenelton@delta.edu
14460066 Lula_Lauderback lulalauderback@delta.edu
14481545 Alonso_Sampedro alonsosampedro@delta.edu
14473344 Joey_Lothrop joeylothrop@delta.edu
14481558 Molly_Kuhns mollykuhns@delta.edu
14464866 Renee_Jasmann reneejasmann@delta.edu
14471668 Charmaine_Marotta charmainemarotta@delta.edu
14461419 Pablo_Chatlos pablochatlos@delta.edu
14464162 Kyle_Wormely kylewormely@delta.edu
14477361 Santos_Bamberg santosbamberg@delta.edu
14479871 Betty_Pouge bettypouge@delta.edu